{"cameraMode":{"drawMode":0,"name":"Shaded","section":"Shading Mode"},"sceneLighting":true,"audioPlay":false,"sceneViewState":{"showFog":true,"showMaterialUpdate":false,"showSkybox":true,"showFlares":true,"showImageEffects":true,"showParticleSystems":true,"showVisualEffectGraphs":true,"m_FxEnabled":true},"in2DMode":false,"pivot":{"x":14.850268363952637,"y":0.9872161149978638,"z":-7.277095794677734},"rotation":{"x":-0.18668833374977113,"y":0.015012495219707489,"z":-0.0028524999506771566,"w":-0.9823020696640015},"size":6.222931385040283,"orthographic":false}