{"cameraMode":{"drawMode":0,"name":"Shaded","section":"Shading Mode"},"sceneLighting":true,"audioPlay":false,"sceneViewState":{"showFog":true,"showMaterialUpdate":false,"showSkybox":true,"showFlares":true,"showImageEffects":true,"showParticleSystems":true,"showVisualEffectGraphs":true,"m_FxEnabled":true},"in2DMode":false,"pivot":{"x":0.48308640718460085,"y":-1.4497969150543213,"z":-15.85993480682373},"rotation":{"x":-0.05978132411837578,"y":-0.5036467909812927,"z":0.03496408835053444,"w":-0.8611292243003845},"size":3.2660250663757326,"orthographic":false}