{"cameraMode":{"drawMode":0,"name":"Shaded","section":"Shading Mode"},"sceneLighting":true,"audioPlay":false,"sceneViewState":{"showFog":true,"showMaterialUpdate":false,"showSkybox":true,"showFlares":true,"showImageEffects":true,"showParticleSystems":true,"showVisualEffectGraphs":true,"m_FxEnabled":true},"in2DMode":false,"pivot":{"x":20.23004913330078,"y":-10.409159660339356,"z":18.787200927734376},"rotation":{"x":-0.21839532256126405,"y":-0.13390646874904633,"z":0.030239129438996316,"w":-0.9661296606063843},"size":24.20705223083496,"orthographic":false}